SET,IMAGE,LABEL
UNASSIGNED,gs://normalvschestxraydif2/Chest Xrays/ChestXray_0001.jpg,chestxray
UNASSIGNED,gs://normalvschestxraydif2/Chest Xrays/ChestXray_0002.jpg,chestxray
UNASSIGNED,gs://normalvschestxraydif2/Chest Xrays/ChestXray_0003.jpg,chestxray
UNASSIGNED,gs://normalvschestxraydif2/Chest Xrays/ChestXray_0004.jpg,chestxray
UNASSIGNED,gs://normalvschestxraydif2/Chest Xrays/ChestXray_0005.jpg,chestxray
UNASSIGNED,gs://normalvschestxraydif2/Chest Xrays/ChestXray_0006.jpg,chestxray
UNASSIGNED,gs://normalvschestxraydif2/Chest Xrays/ChestXray_0007.jpg,chestxray
UNASSIGNED,gs://normalvschestxraydif2/Chest Xrays/ChestXray_0008.jpg,chestxray
UNASSIGNED,gs://normalvschestxraydif2/Chest Xrays/ChestXray_0009.jpg,chestxray
UNASSIGNED,gs://normalvschestxraydif2/Chest Xrays/ChestXray_0010.jpg,chestxray
UNASSIGNED,gs://normalvschestxraydif2/Chest Xrays/ChestXray_0011.jpg,chestxray
UNASSIGNED,gs://normalvschestxraydif2/Chest Xrays/ChestXray_0012.jpg,chestxray
UNASSIGNED,gs://normalvschestxraydif2/Chest Xrays/ChestXray_0013.jpg,chestxray
UNASSIGNED,gs://normalvschestxraydif2/Chest Xrays/ChestXray_0014.jpg,chestxray
UNASSIGNED,gs://normalvschestxraydif2/Chest Xrays/ChestXray_0015.jpg,chestxray
UNASSIGNED,gs://normalvschestxraydif2/Chest Xrays/ChestXray_0016.jpg,chestxray
UNASSIGNED,gs://normalvschestxraydif2/Chest Xrays/ChestXray_0017.jpg,chestxray
UNASSIGNED,gs://normalvschestxraydif2/Chest Xrays/ChestXray_0018.jpg,chestxray
UNASSIGNED,gs://normalvschestxraydif2/Chest Xrays/ChestXray_0019.jpg,chestxray
UNASSIGNED,gs://normalvschestxraydif2/Chest Xrays/ChestXray_0020.jpg,chestxray
UNASSIGNED,gs://normalvschestxraydif2/Chest Xrays/ChestXray_0021.jpg,chestxray
UNASSIGNED,gs://normalvschestxraydif2/Chest Xrays/ChestXray_0022.jpg,chestxray
UNASSIGNED,gs://normalvschestxraydif2/Chest Xrays/ChestXray_0023.jpg,chestxray
UNASSIGNED,gs://normalvschestxraydif2/Chest Xrays/ChestXray_0024.jpg,chestxray
UNASSIGNED,gs://normalvschestxraydif2/Chest Xrays/ChestXray_0025.jpg,chestxray
UNASSIGNED,gs://normalvschestxraydif2/Chest Xrays/ChestXray_0026.jpg,chestxray
UNASSIGNED,gs://normalvschestxraydif2/Chest Xrays/ChestXray_0027.jpg,chestxray
UNASSIGNED,gs://normalvschestxraydif2/Chest Xrays/ChestXray_0028.jpg,chestxray
UNASSIGNED,gs://normalvschestxraydif2/Chest Xrays/ChestXray_0029.jpg,chestxray
UNASSIGNED,gs://normalvschestxraydif2/Chest Xrays/ChestXray_0030.jpg,chestxray
UNASSIGNED,gs://normalvschestxraydif2/Chest Xrays/ChestXray_0031.jpg,chestxray
UNASSIGNED,gs://normalvschestxraydif2/Chest Xrays/ChestXray_0032.jpg,chestxray
UNASSIGNED,gs://normalvschestxraydif2/Chest Xrays/ChestXray_0033.jpg,chestxray
UNASSIGNED,gs://normalvschestxraydif2/Chest Xrays/ChestXray_0034.jpg,chestxray
UNASSIGNED,gs://normalvschestxraydif2/Chest Xrays/ChestXray_0035.jpg,chestxray
UNASSIGNED,gs://normalvschestxraydif2/Chest Xrays/ChestXray_0036.jpg,chestxray
UNASSIGNED,gs://normalvschestxraydif2/Chest Xrays/ChestXray_0037.jpg,chestxray
UNASSIGNED,gs://normalvschestxraydif2/Chest Xrays/ChestXray_0038.jpg,chestxray
UNASSIGNED,gs://normalvschestxraydif2/Chest Xrays/ChestXray_0039.jpg,chestxray
UNASSIGNED,gs://normalvschestxraydif2/Chest Xrays/ChestXray_0040.jpg,chestxray
UNASSIGNED,gs://normalvschestxraydif2/Chest Xrays/ChestXray_0041.jpg,chestxray
UNASSIGNED,gs://normalvschestxraydif2/Chest Xrays/ChestXray_0042.jpg,chestxray
UNASSIGNED,gs://normalvschestxraydif2/Chest Xrays/ChestXray_0043.jpg,chestxray
UNASSIGNED,gs://normalvschestxraydif2/Chest Xrays/ChestXray_0044.jpg,chestxray
UNASSIGNED,gs://normalvschestxraydif2/Chest Xrays/ChestXray_0045.jpg,chestxray
UNASSIGNED,gs://normalvschestxraydif2/Chest Xrays/ChestXray_0046.jpg,chestxray
UNASSIGNED,gs://normalvschestxraydif2/Chest Xrays/ChestXray_0047.jpg,chestxray
UNASSIGNED,gs://normalvschestxraydif2/Chest Xrays/ChestXray_0048.jpg,chestxray
UNASSIGNED,gs://normalvschestxraydif2/Chest Xrays/ChestXray_0049.jpg,chestxray
UNASSIGNED,gs://normalvschestxraydif2/Chest Xrays/ChestXray_0050.jpg,chestxray
UNASSIGNED,gs://normalvschestxraydif2/Chest Xrays/ChestXray_0051.jpg,chestxray
UNASSIGNED,gs://normalvschestxraydif2/Chest Xrays/ChestXray_0052.jpg,chestxray
UNASSIGNED,gs://normalvschestxraydif2/Chest Xrays/ChestXray_0053.jpg,chestxray
UNASSIGNED,gs://normalvschestxraydif2/Chest Xrays/ChestXray_0054.jpg,chestxray
UNASSIGNED,gs://normalvschestxraydif2/Chest Xrays/ChestXray_0055.jpg,chestxray
UNASSIGNED,gs://normalvschestxraydif2/Chest Xrays/ChestXray_0056.jpg,chestxray
UNASSIGNED,gs://normalvschestxraydif2/Chest Xrays/ChestXray_0057.jpg,chestxray
UNASSIGNED,gs://normalvschestxraydif2/Chest Xrays/ChestXray_0058.jpg,chestxray
UNASSIGNED,gs://normalvschestxraydif2/Chest Xrays/ChestXray_0059.jpg,chestxray
UNASSIGNED,gs://normalvschestxraydif2/Chest Xrays/ChestXray_0060.jpg,chestxray
UNASSIGNED,gs://normalvschestxraydif2/Chest Xrays/ChestXray_0061.jpg,chestxray
UNASSIGNED,gs://normalvschestxraydif2/Chest Xrays/ChestXray_0062.jpg,chestxray
UNASSIGNED,gs://normalvschestxraydif2/Chest Xrays/ChestXray_0063.jpg,chestxray
UNASSIGNED,gs://normalvschestxraydif2/Chest Xrays/ChestXray_0064.jpg,chestxray
UNASSIGNED,gs://normalvschestxraydif2/Chest Xrays/ChestXray_0065.jpg,chestxray
UNASSIGNED,gs://normalvschestxraydif2/Chest Xrays/ChestXray_0066.jpg,chestxray
UNASSIGNED,gs://normalvschestxraydif2/Chest Xrays/ChestXray_0067.jpg,chestxray
UNASSIGNED,gs://normalvschestxraydif2/Chest Xrays/ChestXray_0068.jpg,chestxray
UNASSIGNED,gs://normalvschestxraydif2/Chest Xrays/ChestXray_0069.jpg,chestxray
UNASSIGNED,gs://normalvschestxraydif2/Chest Xrays/ChestXray_0070.jpg,chestxray
UNASSIGNED,gs://normalvschestxraydif2/Chest Xrays/ChestXray_0071.jpg,chestxray
UNASSIGNED,gs://normalvschestxraydif2/Chest Xrays/ChestXray_0072.jpg,chestxray
UNASSIGNED,gs://normalvschestxraydif2/Chest Xrays/ChestXray_0073.jpg,chestxray
UNASSIGNED,gs://normalvschestxraydif2/Chest Xrays/ChestXray_0074.jpg,chestxray
UNASSIGNED,gs://normalvschestxraydif2/Chest Xrays/ChestXray_0075.jpg,chestxray
UNASSIGNED,gs://normalvschestxraydif2/Chest Xrays/ChestXray_0076.jpg,chestxray
UNASSIGNED,gs://normalvschestxraydif2/Chest Xrays/ChestXray_0077.jpg,chestxray
UNASSIGNED,gs://normalvschestxraydif2/Chest Xrays/ChestXray_0078.jpg,chestxray
UNASSIGNED,gs://normalvschestxraydif2/Chest Xrays/ChestXray_0079.jpg,chestxray
UNASSIGNED,gs://normalvschestxraydif2/Chest Xrays/ChestXray_0080.jpg,chestxray
UNASSIGNED,gs://normalvschestxraydif2/Chest Xrays/ChestXray_0081.jpg,chestxray
UNASSIGNED,gs://normalvschestxraydif2/Chest Xrays/ChestXray_0082.jpg,chestxray
UNASSIGNED,gs://normalvschestxraydif2/Chest Xrays/ChestXray_0083.jpg,chestxray
UNASSIGNED,gs://normalvschestxraydif2/Chest Xrays/ChestXray_0084.jpg,chestxray
UNASSIGNED,gs://normalvschestxraydif2/Chest Xrays/ChestXray_0085.jpg,chestxray
UNASSIGNED,gs://normalvschestxraydif2/Chest Xrays/ChestXray_0086.jpg,chestxray
UNASSIGNED,gs://normalvschestxraydif2/Chest Xrays/ChestXray_0087.jpg,chestxray
UNASSIGNED,gs://normalvschestxraydif2/Chest Xrays/ChestXray_0088.jpg,chestxray
UNASSIGNED,gs://normalvschestxraydif2/Chest Xrays/ChestXray_0089.jpg,chestxray
UNASSIGNED,gs://normalvschestxraydif2/Chest Xrays/ChestXray_0090.jpg,chestxray
UNASSIGNED,gs://normalvschestxraydif2/Chest Xrays/ChestXray_0091.jpg,chestxray
UNASSIGNED,gs://normalvschestxraydif2/Chest Xrays/ChestXray_0092.jpg,chestxray
UNASSIGNED,gs://normalvschestxraydif2/Chest Xrays/ChestXray_0093.jpg,chestxray
UNASSIGNED,gs://normalvschestxraydif2/Chest Xrays/ChestXray_0094.jpg,chestxray
UNASSIGNED,gs://normalvschestxraydif2/Chest Xrays/ChestXray_0095.jpg,chestxray
UNASSIGNED,gs://normalvschestxraydif2/Chest Xrays/ChestXray_0096.jpg,chestxray
UNASSIGNED,gs://normalvschestxraydif2/Chest Xrays/ChestXray_0097.jpg,chestxray
UNASSIGNED,gs://normalvschestxraydif2/Chest Xrays/ChestXray_0098.jpg,chestxray
UNASSIGNED,gs://normalvschestxraydif2/Chest Xrays/ChestXray_0099.jpg,chestxray
UNASSIGNED,gs://normalvschestxraydif2/Chest Xrays/ChestXray_0100.jpg,chestxray
UNASSIGNED,gs://normalvschestxraydif2/Chest Xrays/ChestXray_0101.jpg,chestxray
UNASSIGNED,gs://normalvschestxraydif2/Chest Xrays/ChestXray_0102.jpg,chestxray
UNASSIGNED,gs://normalvschestxraydif2/Chest Xrays/ChestXray_0103.jpg,chestxray
UNASSIGNED,gs://normalvschestxraydif2/Chest Xrays/ChestXray_0104.jpg,chestxray
UNASSIGNED,gs://normalvschestxraydif2/Chest Xrays/ChestXray_0105.jpg,chestxray
UNASSIGNED,gs://normalvschestxraydif2/Chest Xrays/ChestXray_0106.jpg,chestxray
UNASSIGNED,gs://normalvschestxraydif2/Chest Xrays/ChestXray_0107.jpg,chestxray
UNASSIGNED,gs://normalvschestxraydif2/Chest Xrays/ChestXray_0108.jpg,chestxray
UNASSIGNED,gs://normalvschestxraydif2/Chest Xrays/ChestXray_0109.jpg,chestxray
UNASSIGNED,gs://normalvschestxraydif2/Chest Xrays/ChestXray_0110.jpg,chestxray
UNASSIGNED,gs://normalvschestxraydif2/Chest Xrays/ChestXray_0111.jpg,chestxray
UNASSIGNED,gs://normalvschestxraydif2/Chest Xrays/ChestXray_0112.jpg,chestxray
UNASSIGNED,gs://normalvschestxraydif2/Chest Xrays/ChestXray_0113.jpg,chestxray
UNASSIGNED,gs://normalvschestxraydif2/Chest Xrays/ChestXray_0114.jpg,chestxray
UNASSIGNED,gs://normalvschestxraydif2/Chest Xrays/ChestXray_0115.jpg,chestxray
UNASSIGNED,gs://normalvschestxraydif2/Chest Xrays/ChestXray_0116.jpg,chestxray
UNASSIGNED,gs://normalvschestxraydif2/Chest Xrays/ChestXray_0117.jpg,chestxray
UNASSIGNED,gs://normalvschestxraydif2/Chest Xrays/ChestXray_0118.jpg,chestxray
UNASSIGNED,gs://normalvschestxraydif2/Chest Xrays/ChestXray_0119.jpg,chestxray
UNASSIGNED,gs://normalvschestxraydif2/Chest Xrays/ChestXray_0120.jpg,chestxray
UNASSIGNED,gs://normalvschestxraydif2/Chest Xrays/ChestXray_0121.jpg,chestxray
UNASSIGNED,gs://normalvschestxraydif2/Chest Xrays/ChestXray_0122.jpg,chestxray
UNASSIGNED,gs://normalvschestxraydif2/Chest Xrays/ChestXray_0123.jpg,chestxray
UNASSIGNED,gs://normalvschestxraydif2/Chest Xrays/ChestXray_0124.jpg,chestxray
UNASSIGNED,gs://normalvschestxraydif2/Chest Xrays/ChestXray_0125.jpg,chestxray
UNASSIGNED,gs://normalvschestxraydif2/Chest Xrays/ChestXray_0126.jpg,chestxray
UNASSIGNED,gs://normalvschestxraydif2/Chest Xrays/ChestXray_0127.jpg,chestxray
UNASSIGNED,gs://normalvschestxraydif2/Chest Xrays/ChestXray_0128.jpg,chestxray
UNASSIGNED,gs://normalvschestxraydif2/Chest Xrays/ChestXray_0129.jpg,chestxray
UNASSIGNED,gs://normalvschestxraydif2/Chest Xrays/ChestXray_0130.jpg,chestxray
UNASSIGNED,gs://normalvschestxraydif2/Chest Xrays/ChestXray_0131.jpg,chestxray
UNASSIGNED,gs://normalvschestxraydif2/Chest Xrays/ChestXray_0132.jpg,chestxray
UNASSIGNED,gs://normalvschestxraydif2/Chest Xrays/ChestXray_0133.jpg,chestxray
UNASSIGNED,gs://normalvschestxraydif2/Chest Xrays/ChestXray_0134.jpg,chestxray
UNASSIGNED,gs://normalvschestxraydif2/Chest Xrays/ChestXray_0135.jpg,chestxray
UNASSIGNED,gs://normalvschestxraydif2/Chest Xrays/ChestXray_0136.jpg,chestxray
UNASSIGNED,gs://normalvschestxraydif2/Chest Xrays/ChestXray_0137.jpg,chestxray
UNASSIGNED,gs://normalvschestxraydif2/Chest Xrays/ChestXray_0138.jpg,chestxray
UNASSIGNED,gs://normalvschestxraydif2/Chest Xrays/ChestXray_0139.jpg,chestxray
UNASSIGNED,gs://normalvschestxraydif2/Chest Xrays/ChestXray_0140.jpg,chestxray
UNASSIGNED,gs://normalvschestxraydif2/Chest Xrays/ChestXray_0141.jpg,chestxray
UNASSIGNED,gs://normalvschestxraydif2/Chest Xrays/ChestXray_0142.jpg,chestxray
UNASSIGNED,gs://normalvschestxraydif2/Chest Xrays/ChestXray_0143.jpg,chestxray
UNASSIGNED,gs://normalvschestxraydif2/Chest Xrays/ChestXray_0144.jpg,chestxray
UNASSIGNED,gs://normalvschestxraydif2/Chest Xrays/ChestXray_0145.jpg,chestxray
UNASSIGNED,gs://normalvschestxraydif2/Chest Xrays/ChestXray_0146.jpg,chestxray
UNASSIGNED,gs://normalvschestxraydif2/Chest Xrays/ChestXray_0147.jpg,chestxray
UNASSIGNED,gs://normalvschestxraydif2/Chest Xrays/ChestXray_0148.jpg,chestxray
UNASSIGNED,gs://normalvschestxraydif2/Chest Xrays/ChestXray_0149.jpg,chestxray
UNASSIGNED,gs://normalvschestxraydif2/Chest Xrays/ChestXray_0150.jpg,chestxray
UNASSIGNED,gs://normalvschestxraydif2/Chest Xrays/ChestXray_0151.jpg,chestxray
UNASSIGNED,gs://normalvschestxraydif2/Chest Xrays/ChestXray_0152.jpg,chestxray
UNASSIGNED,gs://normalvschestxraydif2/Chest Xrays/ChestXray_0153.jpg,chestxray
UNASSIGNED,gs://normalvschestxraydif2/Chest Xrays/ChestXray_0154.jpg,chestxray
UNASSIGNED,gs://normalvschestxraydif2/Chest Xrays/ChestXray_0155.jpg,chestxray
UNASSIGNED,gs://normalvschestxraydif2/Chest Xrays/ChestXray_0156.jpg,chestxray
UNASSIGNED,gs://normalvschestxraydif2/Chest Xrays/ChestXray_0157.jpg,chestxray
UNASSIGNED,gs://normalvschestxraydif2/Chest Xrays/ChestXray_0158.jpg,chestxray
UNASSIGNED,gs://normalvschestxraydif2/Chest Xrays/ChestXray_0159.jpg,chestxray
UNASSIGNED,gs://normalvschestxraydif2/Chest Xrays/ChestXray_0160.jpg,chestxray
UNASSIGNED,gs://normalvschestxraydif2/Chest Xrays/ChestXray_0161.jpg,chestxray
UNASSIGNED,gs://normalvschestxraydif2/Chest Xrays/ChestXray_0162.jpg,chestxray
UNASSIGNED,gs://normalvschestxraydif2/Chest Xrays/ChestXray_0163.jpg,chestxray
UNASSIGNED,gs://normalvschestxraydif2/Chest Xrays/ChestXray_0164.jpg,chestxray
UNASSIGNED,gs://normalvschestxraydif2/Chest Xrays/ChestXray_0165.jpg,chestxray
UNASSIGNED,gs://normalvschestxraydif2/Chest Xrays/ChestXray_0166.jpg,chestxray
UNASSIGNED,gs://normalvschestxraydif2/Chest Xrays/ChestXray_0167.jpg,chestxray
UNASSIGNED,gs://normalvschestxraydif2/Chest Xrays/ChestXray_0168.jpg,chestxray
UNASSIGNED,gs://normalvschestxraydif2/Chest Xrays/ChestXray_0169.jpg,chestxray
UNASSIGNED,gs://normalvschestxraydif2/Chest Xrays/ChestXray_0170.jpg,chestxray
UNASSIGNED,gs://normalvschestxraydif2/Chest Xrays/ChestXray_0171.jpg,chestxray
UNASSIGNED,gs://normalvschestxraydif2/Chest Xrays/ChestXray_0172.jpg,chestxray
UNASSIGNED,gs://normalvschestxraydif2/Chest Xrays/ChestXray_0173.jpg,chestxray
UNASSIGNED,gs://normalvschestxraydif2/Chest Xrays/ChestXray_0174.jpg,chestxray
UNASSIGNED,gs://normalvschestxraydif2/Chest Xrays/ChestXray_0175.jpg,chestxray
UNASSIGNED,gs://normalvschestxraydif2/Chest Xrays/ChestXray_0176.jpg,chestxray
UNASSIGNED,gs://normalvschestxraydif2/Chest Xrays/ChestXray_0177.jpg,chestxray
UNASSIGNED,gs://normalvschestxraydif2/Chest Xrays/ChestXray_0178.jpg,chestxray
UNASSIGNED,gs://normalvschestxraydif2/Chest Xrays/ChestXray_0179.jpg,chestxray
UNASSIGNED,gs://normalvschestxraydif2/Chest Xrays/ChestXray_0180.jpg,chestxray
UNASSIGNED,gs://normalvschestxraydif2/Chest Xrays/ChestXray_0181.jpg,chestxray
UNASSIGNED,gs://normalvschestxraydif2/Chest Xrays/ChestXray_0182.jpg,chestxray
UNASSIGNED,gs://normalvschestxraydif2/Chest Xrays/ChestXray_0183.jpg,chestxray
UNASSIGNED,gs://normalvschestxraydif2/Chest Xrays/ChestXray_0184.jpg,chestxray
UNASSIGNED,gs://normalvschestxraydif2/Chest Xrays/ChestXray_0185.jpg,chestxray
UNASSIGNED,gs://normalvschestxraydif2/Chest Xrays/ChestXray_0186.jpg,chestxray
UNASSIGNED,gs://normalvschestxraydif2/Chest Xrays/ChestXray_0187.jpg,chestxray
UNASSIGNED,gs://normalvschestxraydif2/Chest Xrays/ChestXray_0188.jpg,chestxray
UNASSIGNED,gs://normalvschestxraydif2/Chest Xrays/ChestXray_0189.jpg,chestxray
UNASSIGNED,gs://normalvschestxraydif2/Chest Xrays/ChestXray_0190.jpg,chestxray
UNASSIGNED,gs://normalvschestxraydif2/Chest Xrays/ChestXray_0191.jpg,chestxray
UNASSIGNED,gs://normalvschestxraydif2/Chest Xrays/ChestXray_0192.jpg,chestxray
UNASSIGNED,gs://normalvschestxraydif2/Chest Xrays/ChestXray_0193.jpg,chestxray
UNASSIGNED,gs://normalvschestxraydif2/Chest Xrays/ChestXray_0194.jpg,chestxray
UNASSIGNED,gs://normalvschestxraydif2/Chest Xrays/ChestXray_0195.jpg,chestxray
UNASSIGNED,gs://normalvschestxraydif2/Chest Xrays/ChestXray_0196.jpg,chestxray
UNASSIGNED,gs://normalvschestxraydif2/Chest Xrays/ChestXray_0197.jpg,chestxray
UNASSIGNED,gs://normalvschestxraydif2/Chest Xrays/ChestXray_0198.jpg,chestxray
UNASSIGNED,gs://normalvschestxraydif2/Chest Xrays/ChestXray_0199.jpg,chestxray
UNASSIGNED,gs://normalvschestxraydif2/Chest Xrays/ChestXray_0200.jpg,chestxray
UNASSIGNED,gs://normalvschestxraydif2/Chest Xrays/ChestXray_0201.jpg,chestxray
UNASSIGNED,gs://normalvschestxraydif2/Chest Xrays/ChestXray_0202.jpg,chestxray
UNASSIGNED,gs://normalvschestxraydif2/Chest Xrays/ChestXray_0203.jpg,chestxray
UNASSIGNED,gs://normalvschestxraydif2/Chest Xrays/ChestXray_0204.jpg,chestxray
UNASSIGNED,gs://normalvschestxraydif2/Chest Xrays/ChestXray_0205.jpg,chestxray
UNASSIGNED,gs://normalvschestxraydif2/Chest Xrays/ChestXray_0206.jpg,chestxray
UNASSIGNED,gs://normalvschestxraydif2/Chest Xrays/ChestXray_0207.jpg,chestxray
UNASSIGNED,gs://normalvschestxraydif2/Chest Xrays/ChestXray_0208.jpg,chestxray
UNASSIGNED,gs://normalvschestxraydif2/Chest Xrays/ChestXray_0209.jpg,chestxray
UNASSIGNED,gs://normalvschestxraydif2/Chest Xrays/ChestXray_0210.jpg,chestxray
UNASSIGNED,gs://normalvschestxraydif2/Chest Xrays/ChestXray_0211.jpg,chestxray
UNASSIGNED,gs://normalvschestxraydif2/Chest Xrays/ChestXray_0212.jpg,chestxray
UNASSIGNED,gs://normalvschestxraydif2/Chest Xrays/ChestXray_0213.jpg,chestxray
UNASSIGNED,gs://normalvschestxraydif2/Chest Xrays/ChestXray_0214.jpg,chestxray
UNASSIGNED,gs://normalvschestxraydif2/Chest Xrays/ChestXray_0215.jpg,chestxray
UNASSIGNED,gs://normalvschestxraydif2/Chest Xrays/ChestXray_0216.jpg,chestxray
UNASSIGNED,gs://normalvschestxraydif2/Chest Xrays/ChestXray_0217.jpg,chestxray
UNASSIGNED,gs://normalvschestxraydif2/Chest Xrays/ChestXray_0218.jpg,chestxray
UNASSIGNED,gs://normalvschestxraydif2/Chest Xrays/ChestXray_0219.jpg,chestxray
UNASSIGNED,gs://normalvschestxraydif2/Chest Xrays/ChestXray_0220.jpg,chestxray
UNASSIGNED,gs://normalvschestxraydif2/Chest Xrays/ChestXray_0221.jpg,chestxray
UNASSIGNED,gs://normalvschestxraydif2/Chest Xrays/ChestXray_0222.jpg,chestxray
UNASSIGNED,gs://normalvschestxraydif2/Chest Xrays/ChestXray_0223.jpg,chestxray
UNASSIGNED,gs://normalvschestxraydif2/Chest Xrays/ChestXray_0224.jpg,chestxray
UNASSIGNED,gs://normalvschestxraydif2/Chest Xrays/ChestXray_0225.jpg,chestxray
UNASSIGNED,gs://normalvschestxraydif2/Chest Xrays/ChestXray_0226.jpg,chestxray
UNASSIGNED,gs://normalvschestxraydif2/Chest Xrays/ChestXray_0227.jpg,chestxray
UNASSIGNED,gs://normalvschestxraydif2/Chest Xrays/ChestXray_0228.jpg,chestxray
UNASSIGNED,gs://normalvschestxraydif2/Chest Xrays/ChestXray_0229.jpg,chestxray
UNASSIGNED,gs://normalvschestxraydif2/Chest Xrays/ChestXray_0230.jpg,chestxray
UNASSIGNED,gs://normalvschestxraydif2/Chest Xrays/ChestXray_0231.jpg,chestxray
UNASSIGNED,gs://normalvschestxraydif2/Chest Xrays/ChestXray_0232.jpg,chestxray
UNASSIGNED,gs://normalvschestxraydif2/Chest Xrays/ChestXray_0233.jpg,chestxray
UNASSIGNED,gs://normalvschestxraydif2/Chest Xrays/ChestXray_0234.jpg,chestxray
UNASSIGNED,gs://normalvschestxraydif2/Chest Xrays/ChestXray_0235.jpg,chestxray
UNASSIGNED,gs://normalvschestxraydif2/Chest Xrays/ChestXray_0236.jpg,chestxray
UNASSIGNED,gs://normalvschestxraydif2/Chest Xrays/ChestXray_0237.jpg,chestxray
UNASSIGNED,gs://normalvschestxraydif2/Chest Xrays/ChestXray_0238.jpg,chestxray
UNASSIGNED,gs://normalvschestxraydif2/Chest Xrays/ChestXray_0239.jpg,chestxray
UNASSIGNED,gs://normalvschestxraydif2/Chest Xrays/ChestXray_0240.jpg,chestxray
UNASSIGNED,gs://normalvschestxraydif2/Chest Xrays/ChestXray_0241.jpg,chestxray
UNASSIGNED,gs://normalvschestxraydif2/Chest Xrays/ChestXray_0242.jpg,chestxray
UNASSIGNED,gs://normalvschestxraydif2/Chest Xrays/ChestXray_0243.jpg,chestxray
UNASSIGNED,gs://normalvschestxraydif2/Chest Xrays/ChestXray_0244.jpg,chestxray
UNASSIGNED,gs://normalvschestxraydif2/Chest Xrays/ChestXray_0245.jpg,chestxray
UNASSIGNED,gs://normalvschestxraydif2/Chest Xrays/ChestXray_0246.jpg,chestxray
UNASSIGNED,gs://normalvschestxraydif2/Chest Xrays/ChestXray_0247.jpg,chestxray
UNASSIGNED,gs://normalvschestxraydif2/Chest Xrays/ChestXray_0248.jpg,chestxray
UNASSIGNED,gs://normalvschestxraydif2/Chest Xrays/ChestXray_0249.jpg,chestxray
UNASSIGNED,gs://normalvschestxraydif2/Chest Xrays/ChestXray_0250.jpg,chestxray
UNASSIGNED,gs://normalvschestxraydif2/Chest Xrays/ChestXray_0251.jpg,chestxray
UNASSIGNED,gs://normalvschestxraydif2/Chest Xrays/ChestXray_0252.jpg,chestxray
UNASSIGNED,gs://normalvschestxraydif2/Chest Xrays/ChestXray_0253.jpg,chestxray
UNASSIGNED,gs://normalvschestxraydif2/Chest Xrays/ChestXray_0254.jpg,chestxray
UNASSIGNED,gs://normalvschestxraydif2/Chest Xrays/ChestXray_0255.jpg,chestxray
UNASSIGNED,gs://normalvschestxraydif2/Chest Xrays/ChestXray_0256.jpg,chestxray
UNASSIGNED,gs://normalvschestxraydif2/Chest Xrays/ChestXray_0257.jpg,chestxray
UNASSIGNED,gs://normalvschestxraydif2/Chest Xrays/ChestXray_0258.jpg,chestxray
UNASSIGNED,gs://normalvschestxraydif2/Chest Xrays/ChestXray_0259.jpg,chestxray
UNASSIGNED,gs://normalvschestxraydif2/Chest Xrays/ChestXray_0260.jpg,chestxray
UNASSIGNED,gs://normalvschestxraydif2/Chest Xrays/ChestXray_0261.jpg,chestxray
UNASSIGNED,gs://normalvschestxraydif2/Chest Xrays/ChestXray_0262.jpg,chestxray
UNASSIGNED,gs://normalvschestxraydif2/Chest Xrays/ChestXray_0263.jpg,chestxray
UNASSIGNED,gs://normalvschestxraydif2/Chest Xrays/ChestXray_0264.jpg,chestxray
UNASSIGNED,gs://normalvschestxraydif2/Chest Xrays/ChestXray_0265.jpg,chestxray
UNASSIGNED,gs://normalvschestxraydif2/Chest Xrays/ChestXray_0266.jpg,chestxray
UNASSIGNED,gs://normalvschestxraydif2/Chest Xrays/ChestXray_0267.jpg,chestxray
UNASSIGNED,gs://normalvschestxraydif2/Chest Xrays/ChestXray_0268.jpg,chestxray
UNASSIGNED,gs://normalvschestxraydif2/Chest Xrays/ChestXray_0269.jpg,chestxray
UNASSIGNED,gs://normalvschestxraydif2/Chest Xrays/ChestXray_0270.jpg,chestxray
UNASSIGNED,gs://normalvschestxraydif2/Chest Xrays/ChestXray_0271.jpg,chestxray
UNASSIGNED,gs://normalvschestxraydif2/Chest Xrays/ChestXray_0272.jpg,chestxray
UNASSIGNED,gs://normalvschestxraydif2/Chest Xrays/ChestXray_0273.jpg,chestxray
UNASSIGNED,gs://normalvschestxraydif2/Chest Xrays/ChestXray_0274.jpg,chestxray
UNASSIGNED,gs://normalvschestxraydif2/Chest Xrays/ChestXray_0275.jpg,chestxray
UNASSIGNED,gs://normalvschestxraydif2/Chest Xrays/ChestXray_0276.jpg,chestxray
UNASSIGNED,gs://normalvschestxraydif2/Chest Xrays/ChestXray_0277.jpg,chestxray
UNASSIGNED,gs://normalvschestxraydif2/Chest Xrays/ChestXray_0278.jpg,chestxray
UNASSIGNED,gs://normalvschestxraydif2/Chest Xrays/ChestXray_0279.jpg,chestxray
UNASSIGNED,gs://normalvschestxraydif2/Chest Xrays/ChestXray_0280.jpg,chestxray
UNASSIGNED,gs://normalvschestxraydif2/Chest Xrays/ChestXray_0281.jpg,chestxray
UNASSIGNED,gs://normalvschestxraydif2/Chest Xrays/ChestXray_0282.jpg,chestxray
UNASSIGNED,gs://normalvschestxraydif2/Chest Xrays/ChestXray_0283.jpg,chestxray
UNASSIGNED,gs://normalvschestxraydif2/Chest Xrays/ChestXray_0284.jpg,chestxray
UNASSIGNED,gs://normalvschestxraydif2/Chest Xrays/ChestXray_0285.jpg,chestxray
UNASSIGNED,gs://normalvschestxraydif2/Chest Xrays/ChestXray_0286.jpg,chestxray
UNASSIGNED,gs://normalvschestxraydif2/Chest Xrays/ChestXray_0287.jpg,chestxray
UNASSIGNED,gs://normalvschestxraydif2/Chest Xrays/ChestXray_0288.jpg,chestxray
UNASSIGNED,gs://normalvschestxraydif2/Chest Xrays/ChestXray_0289.jpg,chestxray
UNASSIGNED,gs://normalvschestxraydif2/Chest Xrays/ChestXray_0290.jpg,chestxray
UNASSIGNED,gs://normalvschestxraydif2/Chest Xrays/ChestXray_0291.jpg,chestxray
UNASSIGNED,gs://normalvschestxraydif2/Chest Xrays/ChestXray_0292.jpg,chestxray
UNASSIGNED,gs://normalvschestxraydif2/Chest Xrays/ChestXray_0293.jpg,chestxray
UNASSIGNED,gs://normalvschestxraydif2/Chest Xrays/ChestXray_0294.jpg,chestxray
UNASSIGNED,gs://normalvschestxraydif2/Chest Xrays/ChestXray_0295.jpg,chestxray
UNASSIGNED,gs://normalvschestxraydif2/Chest Xrays/ChestXray_0296.jpg,chestxray
UNASSIGNED,gs://normalvschestxraydif2/Chest Xrays/ChestXray_0297.jpg,chestxray
UNASSIGNED,gs://normalvschestxraydif2/Chest Xrays/ChestXray_0298.jpg,chestxray
UNASSIGNED,gs://normalvschestxraydif2/Chest Xrays/ChestXray_0299.jpg,chestxray
UNASSIGNED,gs://normalvschestxraydif2/Chest Xrays/ChestXray_0300.jpg,chestxray
UNASSIGNED,gs://normalvschestxraydif2/Chest Xrays/ChestXray_0301.jpg,chestxray
UNASSIGNED,gs://normalvschestxraydif2/Chest Xrays/ChestXray_0302.jpg,chestxray
UNASSIGNED,gs://normalvschestxraydif2/Chest Xrays/ChestXray_0303.jpg,chestxray
UNASSIGNED,gs://normalvschestxraydif2/Chest Xrays/ChestXray_0304.jpg,chestxray
UNASSIGNED,gs://normalvschestxraydif2/Chest Xrays/ChestXray_0305.jpg,chestxray
UNASSIGNED,gs://normalvschestxraydif2/Chest Xrays/ChestXray_0306.jpg,chestxray
UNASSIGNED,gs://normalvschestxraydif2/Chest Xrays/ChestXray_0307.jpg,chestxray
UNASSIGNED,gs://normalvschestxraydif2/Chest Xrays/ChestXray_0308.jpg,chestxray
UNASSIGNED,gs://normalvschestxraydif2/Chest Xrays/ChestXray_0309.jpg,chestxray
UNASSIGNED,gs://normalvschestxraydif2/Chest Xrays/ChestXray_0310.jpg,chestxray
UNASSIGNED,gs://normalvschestxraydif2/Chest Xrays/ChestXray_0311.jpg,chestxray
UNASSIGNED,gs://normalvschestxraydif2/Chest Xrays/ChestXray_0312.jpg,chestxray
UNASSIGNED,gs://normalvschestxraydif2/Chest Xrays/ChestXray_0313.jpg,chestxray
UNASSIGNED,gs://normalvschestxraydif2/Chest Xrays/ChestXray_0314.jpg,chestxray
UNASSIGNED,gs://normalvschestxraydif2/Chest Xrays/ChestXray_0315.jpg,chestxray
UNASSIGNED,gs://normalvschestxraydif2/Chest Xrays/ChestXray_0316.jpg,chestxray
UNASSIGNED,gs://normalvschestxraydif2/Chest Xrays/ChestXray_0317.jpg,chestxray
UNASSIGNED,gs://normalvschestxraydif2/Chest Xrays/ChestXray_0318.jpg,chestxray
UNASSIGNED,gs://normalvschestxraydif2/Chest Xrays/ChestXray_0319.jpg,chestxray
UNASSIGNED,gs://normalvschestxraydif2/Chest Xrays/ChestXray_0320.jpg,chestxray
UNASSIGNED,gs://normalvschestxraydif2/Chest Xrays/ChestXray_0321.jpg,chestxray
UNASSIGNED,gs://normalvschestxraydif2/Chest Xrays/ChestXray_0322.jpg,chestxray
UNASSIGNED,gs://normalvschestxraydif2/Chest Xrays/ChestXray_0323.jpg,chestxray
UNASSIGNED,gs://normalvschestxraydif2/Chest Xrays/ChestXray_0324.jpg,chestxray
UNASSIGNED,gs://normalvschestxraydif2/Chest Xrays/ChestXray_0325.jpg,chestxray
UNASSIGNED,gs://normalvschestxraydif2/Chest Xrays/ChestXray_0326.jpg,chestxray
UNASSIGNED,gs://normalvschestxraydif2/Chest Xrays/ChestXray_0327.jpg,chestxray
UNASSIGNED,gs://normalvschestxraydif2/Chest Xrays/ChestXray_0328.jpg,chestxray
UNASSIGNED,gs://normalvschestxraydif2/Chest Xrays/ChestXray_0329.jpg,chestxray
UNASSIGNED,gs://normalvschestxraydif2/Chest Xrays/ChestXray_0330.jpg,chestxray
UNASSIGNED,gs://normalvschestxraydif2/Chest Xrays/ChestXray_0331.jpg,chestxray
UNASSIGNED,gs://normalvschestxraydif2/Chest Xrays/ChestXray_0332.jpg,chestxray
UNASSIGNED,gs://normalvschestxraydif2/Chest Xrays/ChestXray_0333.jpg,chestxray
UNASSIGNED,gs://normalvschestxraydif2/Chest Xrays/ChestXray_0334.jpg,chestxray
UNASSIGNED,gs://normalvschestxraydif2/Chest Xrays/ChestXray_0335.jpg,chestxray
UNASSIGNED,gs://normalvschestxraydif2/Chest Xrays/ChestXray_0336.jpg,chestxray
UNASSIGNED,gs://normalvschestxraydif2/Chest Xrays/ChestXray_0337.jpg,chestxray
UNASSIGNED,gs://normalvschestxraydif2/Chest Xrays/ChestXray_0338.jpg,chestxray
UNASSIGNED,gs://normalvschestxraydif2/Chest Xrays/ChestXray_0339.jpg,chestxray
UNASSIGNED,gs://normalvschestxraydif2/Chest Xrays/ChestXray_0340.jpg,chestxray
UNASSIGNED,gs://normalvschestxraydif2/Chest Xrays/ChestXray_0341.jpg,chestxray
UNASSIGNED,gs://normalvschestxraydif2/Chest Xrays/ChestXray_0342.jpg,chestxray
UNASSIGNED,gs://normalvschestxraydif2/Chest Xrays/ChestXray_0343.jpg,chestxray
UNASSIGNED,gs://normalvschestxraydif2/Chest Xrays/ChestXray_0344.jpg,chestxray
UNASSIGNED,gs://normalvschestxraydif2/Chest Xrays/ChestXray_0345.jpg,chestxray
UNASSIGNED,gs://normalvschestxraydif2/Chest Xrays/ChestXray_0346.jpg,chestxray
UNASSIGNED,gs://normalvschestxraydif2/Chest Xrays/ChestXray_0347.jpg,chestxray
UNASSIGNED,gs://normalvschestxraydif2/Chest Xrays/ChestXray_0348.jpg,chestxray
UNASSIGNED,gs://normalvschestxraydif2/Chest Xrays/ChestXray_0349.jpg,chestxray
UNASSIGNED,gs://normalvschestxraydif2/Chest Xrays/ChestXray_0350.jpg,chestxray
UNASSIGNED,gs://normalvschestxraydif2/Chest Xrays/ChestXray_0351.jpg,chestxray
UNASSIGNED,gs://normalvschestxraydif2/Chest Xrays/ChestXray_0352.jpg,chestxray
UNASSIGNED,gs://normalvschestxraydif2/Chest Xrays/ChestXray_0353.jpg,chestxray
UNASSIGNED,gs://normalvschestxraydif2/Chest Xrays/ChestXray_0354.jpg,chestxray
UNASSIGNED,gs://normalvschestxraydif2/Chest Xrays/ChestXray_0355.jpg,chestxray
UNASSIGNED,gs://normalvschestxraydif2/Chest Xrays/ChestXray_0356.jpg,chestxray
UNASSIGNED,gs://normalvschestxraydif2/Chest Xrays/ChestXray_0357.jpg,chestxray
UNASSIGNED,gs://normalvschestxraydif2/Chest Xrays/ChestXray_0358.jpg,chestxray
UNASSIGNED,gs://normalvschestxraydif2/Chest Xrays/ChestXray_0359.jpg,chestxray
UNASSIGNED,gs://normalvschestxraydif2/Chest Xrays/ChestXray_0360.jpg,chestxray
UNASSIGNED,gs://normalvschestxraydif2/Chest Xrays/ChestXray_0361.jpg,chestxray
UNASSIGNED,gs://normalvschestxraydif2/Chest Xrays/ChestXray_0362.jpg,chestxray
UNASSIGNED,gs://normalvschestxraydif2/Chest Xrays/ChestXray_0363.jpg,chestxray
UNASSIGNED,gs://normalvschestxraydif2/Chest Xrays/ChestXray_0364.jpg,chestxray
UNASSIGNED,gs://normalvschestxraydif2/Chest Xrays/ChestXray_0365.jpg,chestxray
UNASSIGNED,gs://normalvschestxraydif2/Chest Xrays/ChestXray_0366.jpg,chestxray
UNASSIGNED,gs://normalvschestxraydif2/Chest Xrays/ChestXray_0367.jpg,chestxray
UNASSIGNED,gs://normalvschestxraydif2/Chest Xrays/ChestXray_0368.jpg,chestxray
UNASSIGNED,gs://normalvschestxraydif2/Chest Xrays/ChestXray_0369.jpg,chestxray
UNASSIGNED,gs://normalvschestxraydif2/Chest Xrays/ChestXray_0370.jpg,chestxray
UNASSIGNED,gs://normalvschestxraydif2/Chest Xrays/ChestXray_0371.jpg,chestxray
UNASSIGNED,gs://normalvschestxraydif2/Chest Xrays/ChestXray_0372.jpg,chestxray
UNASSIGNED,gs://normalvschestxraydif2/Chest Xrays/ChestXray_0373.jpg,chestxray
UNASSIGNED,gs://normalvschestxraydif2/Chest Xrays/ChestXray_0374.jpg,chestxray
UNASSIGNED,gs://normalvschestxraydif2/Chest Xrays/ChestXray_0375.jpg,chestxray
UNASSIGNED,gs://normalvschestxraydif2/Chest Xrays/ChestXray_0376.jpg,chestxray
UNASSIGNED,gs://normalvschestxraydif2/Chest Xrays/ChestXray_0377.jpg,chestxray
UNASSIGNED,gs://normalvschestxraydif2/Chest Xrays/ChestXray_0378.jpg,chestxray
UNASSIGNED,gs://normalvschestxraydif2/Chest Xrays/ChestXray_0379.jpg,chestxray
UNASSIGNED,gs://normalvschestxraydif2/Chest Xrays/ChestXray_0380.jpg,chestxray
UNASSIGNED,gs://normalvschestxraydif2/Chest Xrays/ChestXray_0381.jpg,chestxray
UNASSIGNED,gs://normalvschestxraydif2/Chest Xrays/ChestXray_0382.jpg,chestxray
UNASSIGNED,gs://normalvschestxraydif2/Chest Xrays/ChestXray_0383.jpg,chestxray
UNASSIGNED,gs://normalvschestxraydif2/Chest Xrays/ChestXray_0384.jpg,chestxray
UNASSIGNED,gs://normalvschestxraydif2/Chest Xrays/ChestXray_0385.jpg,chestxray
UNASSIGNED,gs://normalvschestxraydif2/Chest Xrays/ChestXray_0386.jpg,chestxray
UNASSIGNED,gs://normalvschestxraydif2/Chest Xrays/ChestXray_0387.jpg,chestxray
UNASSIGNED,gs://normalvschestxraydif2/Chest Xrays/ChestXray_0388.jpg,chestxray
UNASSIGNED,gs://normalvschestxraydif2/Chest Xrays/ChestXray_0389.jpg,chestxray
UNASSIGNED,gs://normalvschestxraydif2/Chest Xrays/ChestXray_0390.jpg,chestxray
UNASSIGNED,gs://normalvschestxraydif2/Chest Xrays/ChestXray_0391.jpg,chestxray
UNASSIGNED,gs://normalvschestxraydif2/Chest Xrays/ChestXray_0392.jpg,chestxray
UNASSIGNED,gs://normalvschestxraydif2/Chest Xrays/ChestXray_0393.jpg,chestxray
UNASSIGNED,gs://normalvschestxraydif2/Chest Xrays/ChestXray_0394.jpg,chestxray
UNASSIGNED,gs://normalvschestxraydif2/Chest Xrays/ChestXray_0395.jpg,chestxray
UNASSIGNED,gs://normalvschestxraydif2/Chest Xrays/ChestXray_0396.jpg,chestxray
UNASSIGNED,gs://normalvschestxraydif2/Chest Xrays/ChestXray_0397.jpg,chestxray
UNASSIGNED,gs://normalvschestxraydif2/Chest Xrays/ChestXray_0398.jpg,chestxray
UNASSIGNED,gs://normalvschestxraydif2/Chest Xrays/ChestXray_0399.jpg,chestxray
UNASSIGNED,gs://normalvschestxraydif2/Chest Xrays/ChestXray_0400.jpg,chestxray
UNASSIGNED,gs://normalvschestxraydif2/Chest Xrays/ChestXray_0401.jpg,chestxray
UNASSIGNED,gs://normalvschestxraydif2/Chest Xrays/ChestXray_0402.jpg,chestxray
UNASSIGNED,gs://normalvschestxraydif2/Chest Xrays/ChestXray_0403.jpg,chestxray
UNASSIGNED,gs://normalvschestxraydif2/Chest Xrays/ChestXray_0404.jpg,chestxray
UNASSIGNED,gs://normalvschestxraydif2/Chest Xrays/ChestXray_0405.jpg,chestxray
UNASSIGNED,gs://normalvschestxraydif2/Chest Xrays/ChestXray_0406.jpg,chestxray
UNASSIGNED,gs://normalvschestxraydif2/Chest Xrays/ChestXray_0407.jpg,chestxray
UNASSIGNED,gs://normalvschestxraydif2/Chest Xrays/ChestXray_0408.jpg,chestxray
UNASSIGNED,gs://normalvschestxraydif2/Chest Xrays/ChestXray_0409.jpg,chestxray
UNASSIGNED,gs://normalvschestxraydif2/Chest Xrays/ChestXray_0410.jpg,chestxray
UNASSIGNED,gs://normalvschestxraydif2/Chest Xrays/ChestXray_0411.jpg,chestxray
UNASSIGNED,gs://normalvschestxraydif2/Chest Xrays/ChestXray_0412.jpg,chestxray
UNASSIGNED,gs://normalvschestxraydif2/Chest Xrays/ChestXray_0413.jpg,chestxray
UNASSIGNED,gs://normalvschestxraydif2/Chest Xrays/ChestXray_0414.jpg,chestxray
UNASSIGNED,gs://normalvschestxraydif2/Chest Xrays/ChestXray_0415.jpg,chestxray
UNASSIGNED,gs://normalvschestxraydif2/Chest Xrays/ChestXray_0416.jpg,chestxray
UNASSIGNED,gs://normalvschestxraydif2/Chest Xrays/ChestXray_0417.jpg,chestxray
UNASSIGNED,gs://normalvschestxraydif2/Chest Xrays/ChestXray_0418.jpg,chestxray
UNASSIGNED,gs://normalvschestxraydif2/Chest Xrays/ChestXray_0419.jpg,chestxray
UNASSIGNED,gs://normalvschestxraydif2/Chest Xrays/ChestXray_0420.jpg,chestxray
UNASSIGNED,gs://normalvschestxraydif2/Chest Xrays/ChestXray_0421.jpg,chestxray
UNASSIGNED,gs://normalvschestxraydif2/Chest Xrays/ChestXray_0422.jpg,chestxray
UNASSIGNED,gs://normalvschestxraydif2/Chest Xrays/ChestXray_0423.jpg,chestxray
UNASSIGNED,gs://normalvschestxraydif2/Chest Xrays/ChestXray_0424.jpg,chestxray
UNASSIGNED,gs://normalvschestxraydif2/Chest Xrays/ChestXray_0425.jpg,chestxray
UNASSIGNED,gs://normalvschestxraydif2/Chest Xrays/ChestXray_0426.jpg,chestxray
UNASSIGNED,gs://normalvschestxraydif2/Chest Xrays/ChestXray_0427.jpg,chestxray
UNASSIGNED,gs://normalvschestxraydif2/Chest Xrays/ChestXray_0428.jpg,chestxray
UNASSIGNED,gs://normalvschestxraydif2/Chest Xrays/ChestXray_0429.jpg,chestxray
UNASSIGNED,gs://normalvschestxraydif2/Chest Xrays/ChestXray_0430.jpg,chestxray
UNASSIGNED,gs://normalvschestxraydif2/Chest Xrays/ChestXray_0431.jpg,chestxray
UNASSIGNED,gs://normalvschestxraydif2/Chest Xrays/ChestXray_0432.jpg,chestxray
UNASSIGNED,gs://normalvschestxraydif2/Chest Xrays/ChestXray_0433.jpg,chestxray
UNASSIGNED,gs://normalvschestxraydif2/Chest Xrays/ChestXray_0434.jpg,chestxray
UNASSIGNED,gs://normalvschestxraydif2/Chest Xrays/ChestXray_0435.jpg,chestxray
UNASSIGNED,gs://normalvschestxraydif2/Chest Xrays/ChestXray_0436.jpg,chestxray
UNASSIGNED,gs://normalvschestxraydif2/Chest Xrays/ChestXray_0437.jpg,chestxray
UNASSIGNED,gs://normalvschestxraydif2/Chest Xrays/ChestXray_0438.jpg,chestxray
UNASSIGNED,gs://normalvschestxraydif2/Chest Xrays/ChestXray_0439.jpg,chestxray
UNASSIGNED,gs://normalvschestxraydif2/Chest Xrays/ChestXray_0440.jpg,chestxray
UNASSIGNED,gs://normalvschestxraydif2/Chest Xrays/ChestXray_0441.jpg,chestxray
UNASSIGNED,gs://normalvschestxraydif2/Chest Xrays/ChestXray_0442.jpg,chestxray
UNASSIGNED,gs://normalvschestxraydif2/Chest Xrays/ChestXray_0443.jpg,chestxray
UNASSIGNED,gs://normalvschestxraydif2/Chest Xrays/ChestXray_0444.jpg,chestxray
UNASSIGNED,gs://normalvschestxraydif2/Chest Xrays/ChestXray_0445.jpg,chestxray
UNASSIGNED,gs://normalvschestxraydif2/Chest Xrays/ChestXray_0446.jpg,chestxray
UNASSIGNED,gs://normalvschestxraydif2/Chest Xrays/ChestXray_0447.jpg,chestxray
UNASSIGNED,gs://normalvschestxraydif2/Chest Xrays/ChestXray_0448.jpg,chestxray
UNASSIGNED,gs://normalvschestxraydif2/Chest Xrays/ChestXray_0449.jpg,chestxray
UNASSIGNED,gs://normalvschestxraydif2/Chest Xrays/ChestXray_0450.jpg,chestxray
UNASSIGNED,gs://normalvschestxraydif2/Chest Xrays/ChestXray_0451.jpg,chestxray
UNASSIGNED,gs://normalvschestxraydif2/Chest Xrays/ChestXray_0452.jpg,chestxray
UNASSIGNED,gs://normalvschestxraydif2/Chest Xrays/ChestXray_0453.jpg,chestxray
UNASSIGNED,gs://normalvschestxraydif2/Chest Xrays/ChestXray_0454.jpg,chestxray
UNASSIGNED,gs://normalvschestxraydif2/Chest Xrays/ChestXray_0455.jpg,chestxray
UNASSIGNED,gs://normalvschestxraydif2/Chest Xrays/ChestXray_0456.jpg,chestxray
UNASSIGNED,gs://normalvschestxraydif2/Chest Xrays/ChestXray_0457.jpg,chestxray
UNASSIGNED,gs://normalvschestxraydif2/Chest Xrays/ChestXray_0458.jpg,chestxray
UNASSIGNED,gs://normalvschestxraydif2/Chest Xrays/ChestXray_0459.jpg,chestxray
UNASSIGNED,gs://normalvschestxraydif2/Chest Xrays/ChestXray_0460.jpg,chestxray
UNASSIGNED,gs://normalvschestxraydif2/Chest Xrays/ChestXray_0461.jpg,chestxray
UNASSIGNED,gs://normalvschestxraydif2/Chest Xrays/ChestXray_0462.jpg,chestxray
UNASSIGNED,gs://normalvschestxraydif2/Chest Xrays/ChestXray_0463.jpg,chestxray
UNASSIGNED,gs://normalvschestxraydif2/Chest Xrays/ChestXray_0464.jpg,chestxray
UNASSIGNED,gs://normalvschestxraydif2/Chest Xrays/ChestXray_0465.jpg,chestxray
UNASSIGNED,gs://normalvschestxraydif2/Chest Xrays/ChestXray_0466.jpg,chestxray
UNASSIGNED,gs://normalvschestxraydif2/Chest Xrays/ChestXray_0467.jpg,chestxray
UNASSIGNED,gs://normalvschestxraydif2/Chest Xrays/ChestXray_0468.jpg,chestxray
UNASSIGNED,gs://normalvschestxraydif2/Chest Xrays/ChestXray_0469.jpg,chestxray
UNASSIGNED,gs://normalvschestxraydif2/Chest Xrays/ChestXray_0470.jpg,chestxray
UNASSIGNED,gs://normalvschestxraydif2/Chest Xrays/ChestXray_0471.jpg,chestxray
UNASSIGNED,gs://normalvschestxraydif2/Chest Xrays/ChestXray_0472.jpg,chestxray
UNASSIGNED,gs://normalvschestxraydif2/Chest Xrays/ChestXray_0473.jpg,chestxray
UNASSIGNED,gs://normalvschestxraydif2/Chest Xrays/ChestXray_0474.jpg,chestxray
UNASSIGNED,gs://normalvschestxraydif2/Chest Xrays/ChestXray_0475.jpg,chestxray
UNASSIGNED,gs://normalvschestxraydif2/Chest Xrays/ChestXray_0476.jpg,chestxray
UNASSIGNED,gs://normalvschestxraydif2/Chest Xrays/ChestXray_0477.jpg,chestxray
UNASSIGNED,gs://normalvschestxraydif2/Chest Xrays/ChestXray_0478.jpg,chestxray
UNASSIGNED,gs://normalvschestxraydif2/Chest Xrays/ChestXray_0479.jpg,chestxray
UNASSIGNED,gs://normalvschestxraydif2/Chest Xrays/ChestXray_0480.jpg,chestxray
UNASSIGNED,gs://normalvschestxraydif2/Chest Xrays/ChestXray_0481.jpg,chestxray
UNASSIGNED,gs://normalvschestxraydif2/Chest Xrays/ChestXray_0482.jpg,chestxray
UNASSIGNED,gs://normalvschestxraydif2/Chest Xrays/ChestXray_0483.jpg,chestxray
UNASSIGNED,gs://normalvschestxraydif2/Chest Xrays/ChestXray_0484.jpg,chestxray
UNASSIGNED,gs://normalvschestxraydif2/Chest Xrays/ChestXray_0485.jpg,chestxray
UNASSIGNED,gs://normalvschestxraydif2/Chest Xrays/ChestXray_0486.jpg,chestxray
UNASSIGNED,gs://normalvschestxraydif2/Chest Xrays/ChestXray_0487.jpg,chestxray
UNASSIGNED,gs://normalvschestxraydif2/Chest Xrays/ChestXray_0488.jpg,chestxray
UNASSIGNED,gs://normalvschestxraydif2/Chest Xrays/ChestXray_0489.jpg,chestxray
UNASSIGNED,gs://normalvschestxraydif2/Chest Xrays/ChestXray_0490.jpg,chestxray
UNASSIGNED,gs://normalvschestxraydif2/Chest Xrays/ChestXray_0491.jpg,chestxray
UNASSIGNED,gs://normalvschestxraydif2/Chest Xrays/ChestXray_0492.jpg,chestxray
UNASSIGNED,gs://normalvschestxraydif2/Chest Xrays/ChestXray_0493.jpg,chestxray
UNASSIGNED,gs://normalvschestxraydif2/Chest Xrays/ChestXray_0494.jpg,chestxray
UNASSIGNED,gs://normalvschestxraydif2/Chest Xrays/ChestXray_0495.jpg,chestxray
UNASSIGNED,gs://normalvschestxraydif2/Chest Xrays/ChestXray_0496.jpg,chestxray
UNASSIGNED,gs://normalvschestxraydif2/Chest Xrays/ChestXray_0497.jpg,chestxray
UNASSIGNED,gs://normalvschestxraydif2/Chest Xrays/ChestXray_0498.jpg,chestxray
UNASSIGNED,gs://normalvschestxraydif2/Chest Xrays/ChestXray_0499.jpg,chestxray
UNASSIGNED,gs://normalvschestxraydif2/Chest Xrays/ChestXray_0500.jpg,chestxray
UNASSIGNED,gs://normalvschestxraydif2/Chest Xrays/ChestXray_0501.jpg,chestxray
UNASSIGNED,gs://normalvschestxraydif2/Chest Xrays/ChestXray_0502.jpg,chestxray
UNASSIGNED,gs://normalvschestxraydif2/Chest Xrays/ChestXray_0503.jpg,chestxray
UNASSIGNED,gs://normalvschestxraydif2/Chest Xrays/ChestXray_0504.jpg,chestxray
UNASSIGNED,gs://normalvschestxraydif2/Chest Xrays/ChestXray_0505.jpg,chestxray
UNASSIGNED,gs://normalvschestxraydif2/Chest Xrays/ChestXray_0506.jpg,chestxray
UNASSIGNED,gs://normalvschestxraydif2/Chest Xrays/ChestXray_0507.jpg,chestxray
UNASSIGNED,gs://normalvschestxraydif2/Chest Xrays/ChestXray_0508.jpg,chestxray
UNASSIGNED,gs://normalvschestxraydif2/Chest Xrays/ChestXray_0509.jpg,chestxray
UNASSIGNED,gs://normalvschestxraydif2/Chest Xrays/ChestXray_0510.jpg,chestxray
UNASSIGNED,gs://normalvschestxraydif2/Chest Xrays/ChestXray_0511.jpg,chestxray
UNASSIGNED,gs://normalvschestxraydif2/Chest Xrays/ChestXray_0512.jpg,chestxray
UNASSIGNED,gs://normalvschestxraydif2/Chest Xrays/ChestXray_0513.jpg,chestxray
UNASSIGNED,gs://normalvschestxraydif2/Chest Xrays/ChestXray_0514.jpg,chestxray
UNASSIGNED,gs://normalvschestxraydif2/Chest Xrays/ChestXray_0515.jpg,chestxray
UNASSIGNED,gs://normalvschestxraydif2/Chest Xrays/ChestXray_0516.jpg,chestxray
UNASSIGNED,gs://normalvschestxraydif2/Chest Xrays/ChestXray_0517.jpg,chestxray
UNASSIGNED,gs://normalvschestxraydif2/Chest Xrays/ChestXray_0518.jpg,chestxray
UNASSIGNED,gs://normalvschestxraydif2/Chest Xrays/ChestXray_0519.jpg,chestxray
UNASSIGNED,gs://normalvschestxraydif2/Chest Xrays/ChestXray_0520.jpg,chestxray
UNASSIGNED,gs://normalvschestxraydif2/Chest Xrays/ChestXray_0521.jpg,chestxray
UNASSIGNED,gs://normalvschestxraydif2/Chest Xrays/ChestXray_0522.jpg,chestxray
UNASSIGNED,gs://normalvschestxraydif2/Chest Xrays/ChestXray_0523.jpg,chestxray
UNASSIGNED,gs://normalvschestxraydif2/Chest Xrays/ChestXray_0524.jpg,chestxray
UNASSIGNED,gs://normalvschestxraydif2/Chest Xrays/ChestXray_0525.jpg,chestxray
UNASSIGNED,gs://normalvschestxraydif2/Chest Xrays/ChestXray_0526.jpg,chestxray
UNASSIGNED,gs://normalvschestxraydif2/Chest Xrays/ChestXray_0527.jpg,chestxray
UNASSIGNED,gs://normalvschestxraydif2/Chest Xrays/ChestXray_0528.jpg,chestxray
UNASSIGNED,gs://normalvschestxraydif2/Chest Xrays/ChestXray_0529.jpg,chestxray
UNASSIGNED,gs://normalvschestxraydif2/Chest Xrays/ChestXray_0530.jpg,chestxray
UNASSIGNED,gs://normalvschestxraydif2/Chest Xrays/ChestXray_0531.jpg,chestxray
UNASSIGNED,gs://normalvschestxraydif2/Chest Xrays/ChestXray_0532.jpg,chestxray
UNASSIGNED,gs://normalvschestxraydif2/Chest Xrays/ChestXray_0533.jpg,chestxray
UNASSIGNED,gs://normalvschestxraydif2/Chest Xrays/ChestXray_0534.jpg,chestxray
UNASSIGNED,gs://normalvschestxraydif2/Chest Xrays/ChestXray_0535.jpg,chestxray
UNASSIGNED,gs://normalvschestxraydif2/Chest Xrays/ChestXray_0536.jpg,chestxray
UNASSIGNED,gs://normalvschestxraydif2/Chest Xrays/ChestXray_0537.jpg,chestxray
UNASSIGNED,gs://normalvschestxraydif2/Chest Xrays/ChestXray_0538.jpg,chestxray
UNASSIGNED,gs://normalvschestxraydif2/Chest Xrays/ChestXray_0539.jpg,chestxray
UNASSIGNED,gs://normalvschestxraydif2/Chest Xrays/ChestXray_0540.jpg,chestxray
UNASSIGNED,gs://normalvschestxraydif2/Chest Xrays/ChestXray_0541.jpg,chestxray
UNASSIGNED,gs://normalvschestxraydif2/Chest Xrays/ChestXray_0542.jpg,chestxray
UNASSIGNED,gs://normalvschestxraydif2/Chest Xrays/ChestXray_0543.jpg,chestxray
UNASSIGNED,gs://normalvschestxraydif2/Chest Xrays/ChestXray_0544.jpg,chestxray
UNASSIGNED,gs://normalvschestxraydif2/Chest Xrays/ChestXray_0545.jpg,chestxray
UNASSIGNED,gs://normalvschestxraydif2/Chest Xrays/ChestXray_0546.jpg,chestxray
UNASSIGNED,gs://normalvschestxraydif2/Chest Xrays/ChestXray_0547.jpg,chestxray
UNASSIGNED,gs://normalvschestxraydif2/Chest Xrays/ChestXray_0548.jpg,chestxray
UNASSIGNED,gs://normalvschestxraydif2/Chest Xrays/ChestXray_0549.jpg,chestxray
UNASSIGNED,gs://normalvschestxraydif2/Chest Xrays/ChestXray_0550.jpg,chestxray
UNASSIGNED,gs://normalvschestxraydif2/Chest Xrays/ChestXray_0551.jpg,chestxray
UNASSIGNED,gs://normalvschestxraydif2/Chest Xrays/ChestXray_0552.jpg,chestxray
UNASSIGNED,gs://normalvschestxraydif2/Chest Xrays/ChestXray_0553.jpg,chestxray
UNASSIGNED,gs://normalvschestxraydif2/Chest Xrays/ChestXray_0554.jpg,chestxray
UNASSIGNED,gs://normalvschestxraydif2/Chest Xrays/ChestXray_0555.jpg,chestxray
UNASSIGNED,gs://normalvschestxraydif2/Chest Xrays/ChestXray_0556.jpg,chestxray
UNASSIGNED,gs://normalvschestxraydif2/Chest Xrays/ChestXray_0557.jpg,chestxray
UNASSIGNED,gs://normalvschestxraydif2/Chest Xrays/ChestXray_0558.jpg,chestxray
UNASSIGNED,gs://normalvschestxraydif2/Chest Xrays/ChestXray_0559.jpg,chestxray
UNASSIGNED,gs://normalvschestxraydif2/Chest Xrays/ChestXray_0560.jpg,chestxray
UNASSIGNED,gs://normalvschestxraydif2/Chest Xrays/ChestXray_0561.jpg,chestxray
UNASSIGNED,gs://normalvschestxraydif2/Chest Xrays/ChestXray_0562.jpg,chestxray
UNASSIGNED,gs://normalvschestxraydif2/Chest Xrays/ChestXray_0563.jpg,chestxray
UNASSIGNED,gs://normalvschestxraydif2/Chest Xrays/ChestXray_0564.jpg,chestxray
UNASSIGNED,gs://normalvschestxraydif2/Chest Xrays/ChestXray_0565.jpg,chestxray
UNASSIGNED,gs://normalvschestxraydif2/Chest Xrays/ChestXray_0566.jpg,chestxray
UNASSIGNED,gs://normalvschestxraydif2/Chest Xrays/ChestXray_0567.jpg,chestxray
UNASSIGNED,gs://normalvschestxraydif2/Chest Xrays/ChestXray_0568.jpg,chestxray
UNASSIGNED,gs://normalvschestxraydif2/Chest Xrays/ChestXray_0569.jpg,chestxray
UNASSIGNED,gs://normalvschestxraydif2/Chest Xrays/ChestXray_0570.jpg,chestxray
UNASSIGNED,gs://normalvschestxraydif2/Chest Xrays/ChestXray_0571.jpg,chestxray
UNASSIGNED,gs://normalvschestxraydif2/Chest Xrays/ChestXray_0572.jpg,chestxray
UNASSIGNED,gs://normalvschestxraydif2/Chest Xrays/ChestXray_0573.jpg,chestxray
UNASSIGNED,gs://normalvschestxraydif2/Chest Xrays/ChestXray_0574.jpg,chestxray
UNASSIGNED,gs://normalvschestxraydif2/Chest Xrays/ChestXray_0575.jpg,chestxray
UNASSIGNED,gs://normalvschestxraydif2/Chest Xrays/ChestXray_0576.jpg,chestxray
UNASSIGNED,gs://normalvschestxraydif2/Chest Xrays/ChestXray_0577.jpg,chestxray
UNASSIGNED,gs://normalvschestxraydif2/Chest Xrays/ChestXray_0578.jpg,chestxray
UNASSIGNED,gs://normalvschestxraydif2/Chest Xrays/ChestXray_0579.jpg,chestxray
UNASSIGNED,gs://normalvschestxraydif2/Chest Xrays/ChestXray_0580.jpg,chestxray
UNASSIGNED,gs://normalvschestxraydif2/Chest Xrays/ChestXray_0581.jpg,chestxray
UNASSIGNED,gs://normalvschestxraydif2/Chest Xrays/ChestXray_0582.jpg,chestxray
UNASSIGNED,gs://normalvschestxraydif2/Chest Xrays/ChestXray_0583.jpg,chestxray
UNASSIGNED,gs://normalvschestxraydif2/Chest Xrays/ChestXray_0584.jpg,chestxray
UNASSIGNED,gs://normalvschestxraydif2/Chest Xrays/ChestXray_0585.jpg,chestxray
UNASSIGNED,gs://normalvschestxraydif2/Chest Xrays/ChestXray_0586.jpg,chestxray
UNASSIGNED,gs://normalvschestxraydif2/Chest Xrays/ChestXray_0587.jpg,chestxray
UNASSIGNED,gs://normalvschestxraydif2/Chest Xrays/ChestXray_0588.jpg,chestxray
UNASSIGNED,gs://normalvschestxraydif2/Chest Xrays/ChestXray_0589.jpg,chestxray
UNASSIGNED,gs://normalvschestxraydif2/Chest Xrays/ChestXray_0590.jpg,chestxray
UNASSIGNED,gs://normalvschestxraydif2/Chest Xrays/ChestXray_0591.jpg,chestxray
UNASSIGNED,gs://normalvschestxraydif2/Chest Xrays/ChestXray_0592.jpg,chestxray
UNASSIGNED,gs://normalvschestxraydif2/Chest Xrays/ChestXray_0593.jpg,chestxray
UNASSIGNED,gs://normalvschestxraydif2/Chest Xrays/ChestXray_0594.jpg,chestxray
UNASSIGNED,gs://normalvschestxraydif2/Chest Xrays/ChestXray_0595.jpg,chestxray
UNASSIGNED,gs://normalvschestxraydif2/Chest Xrays/ChestXray_0596.jpg,chestxray
UNASSIGNED,gs://normalvschestxraydif2/Chest Xrays/ChestXray_0597.jpg,chestxray
UNASSIGNED,gs://normalvschestxraydif2/Chest Xrays/ChestXray_0598.jpg,chestxray
UNASSIGNED,gs://normalvschestxraydif2/Chest Xrays/ChestXray_0599.jpg,chestxray
UNASSIGNED,gs://normalvschestxraydif2/Chest Xrays/ChestXray_0600.jpg,chestxray
UNASSIGNED,gs://normalvschestxraydif2/Chest Xrays/ChestXray_0601.jpg,chestxray
UNASSIGNED,gs://normalvschestxraydif2/Chest Xrays/ChestXray_0602.jpg,chestxray
UNASSIGNED,gs://normalvschestxraydif2/Chest Xrays/ChestXray_0603.jpg,chestxray
UNASSIGNED,gs://normalvschestxraydif2/Chest Xrays/ChestXray_0604.jpg,chestxray
UNASSIGNED,gs://normalvschestxraydif2/Chest Xrays/ChestXray_0605.jpg,chestxray
UNASSIGNED,gs://normalvschestxraydif2/Chest Xrays/ChestXray_0606.jpg,chestxray
UNASSIGNED,gs://normalvschestxraydif2/Chest Xrays/ChestXray_0607.jpg,chestxray
UNASSIGNED,gs://normalvschestxraydif2/Chest Xrays/ChestXray_0608.jpg,chestxray
UNASSIGNED,gs://normalvschestxraydif2/Chest Xrays/ChestXray_0609.jpg,chestxray
UNASSIGNED,gs://normalvschestxraydif2/Chest Xrays/ChestXray_0610.jpg,chestxray
UNASSIGNED,gs://normalvschestxraydif2/Chest Xrays/ChestXray_0611.jpg,chestxray
UNASSIGNED,gs://normalvschestxraydif2/Chest Xrays/ChestXray_0612.jpg,chestxray
UNASSIGNED,gs://normalvschestxraydif2/Chest Xrays/ChestXray_0613.jpg,chestxray
UNASSIGNED,gs://normalvschestxraydif2/Chest Xrays/ChestXray_0614.jpg,chestxray
UNASSIGNED,gs://normalvschestxraydif2/Chest Xrays/ChestXray_0615.jpg,chestxray
UNASSIGNED,gs://normalvschestxraydif2/Chest Xrays/ChestXray_0616.jpg,chestxray
UNASSIGNED,gs://normalvschestxraydif2/Chest Xrays/ChestXray_0617.jpg,chestxray
UNASSIGNED,gs://normalvschestxraydif2/Chest Xrays/ChestXray_0618.jpg,chestxray
UNASSIGNED,gs://normalvschestxraydif2/Chest Xrays/ChestXray_0619.jpg,chestxray
UNASSIGNED,gs://normalvschestxraydif2/Chest Xrays/ChestXray_0620.jpg,chestxray
UNASSIGNED,gs://normalvschestxraydif2/Chest Xrays/ChestXray_0621.jpg,chestxray
UNASSIGNED,gs://normalvschestxraydif2/Chest Xrays/ChestXray_0622.jpg,chestxray
UNASSIGNED,gs://normalvschestxraydif2/Chest Xrays/ChestXray_0623.jpg,chestxray
UNASSIGNED,gs://normalvschestxraydif2/Chest Xrays/ChestXray_0624.jpg,chestxray
